"Code","Message"
-1,"Error performing operation."
0,"Operation successful."
1,"User not found."
2,"Brokerage Firm code not found."
3,"Session inactive."
4,"Session halted."
5,"Error performing operation."
6,"Insufficient rights to perform operation."
7,"Cannot perform operation: incorrect Clearing Firm account."
8,"Insufficient rights to perform order deletion."
9,"Operations with orders are blocked for the firm by the Clearing Administrator."
10,"Insufficient funds to reserve."
12,"Options premium exceeds the limit allowed."
13,"Total amount of positions exceeds the market limit."
14,"Order not found."
25,"Unable to add order: prohibited by the Trading Administrator."
26,"Unable to open position: prohibited by Trading Administrator."
27,"Unable to open short position: prohibited by Trading Administrator."
28,"Unable to perform operation: insufficient rights."
31,"Matching order for the same account/ITN is not allowed."
32,"Trade price exceeds the limit allowed."
33,"Operations with orders are blocked for this firm by the Clearing Administrator."
34,"Cannot perform operation: wrong client code."
35,"Invalid input parameters."
36,"Cannot perform operation: wrong underlying."
37,"Multi-leg orders cannot be moved."
38,"Negotiated orders cannot be moved."
39,"Price is not a multiple of the tick size."
40,"Unable to add Negotiated order: counterparty not found."
41,"User's trading rights have expired or are not valid yet."
42,"Operations are prohibited by Chief Trader of Clearing Firm."
43,"The 'Lock Mode' flag is not set by the Trading Administrator."
44,"Clearing Firm's Chief Trader flag not found for this firm."
45,"Unable to add Negotiated orders: no RTS code found for this firm."
46,"Only Negotiated orders are allowed for this security."
47,"There was no trading in this security during the session specified."
48,"This security is being delivered. Only Negotiated orders from all Brokerage Firms within the same Clearing Firm are allowed."
49,"Unable to add Negotiated order: a firm code must be specified."
50,"Order not found."
53,"Error setting input parameter - amount."
54,"Unable to perform operation: exceeded operations quota for this client."
55,"File not found."
56,"Unable to perform operations using this login/code pair: insufficient rights. Please contact the Trading Administrator."
57,"Unable to connect to the Exchange server: insufficient rights. Please contact the Trading Administrator."
58,"Unable to add orders without verifying client funds sufficiency: insufficient rights."
60,"Auction halted for all risk-netting instruments."
61,"Trading halted in all risk-netting instruments."
62,"Trading halted on the MOEX Derivatives Market."
63,"Auction halted in all risk-netting instruments with this underlying."
64,"Trading halted in all risk-netting instruments with this underlying."
65,"Trading halted on all boards in all securities with this underlying."
66,"Trading halted in this risk-netting instrument."
67,"Unable to open positions in this risk-netting instrument: prohibited by the Trading Administrator."
68,"Unable to add orders for all risk-netting instruments: prohibited by the Brokerage Firm."
69,"Unable to add orders for all risk-netting instruments: prohibited by the Chief Trader."
70,"Trading operation is not supported."
71,"Position size exceeds the allowable limit."
72,"Order is being moved."
73,"Aggregated buy order quantity exceeds the allowable limit."
74,"Aggregated sell order quantity exceeds the allowable limit."
75,"Non-trading operation was unsuccessful due to timeout."
76,"No record to delete."
77,"No identification data for the specified trade account."
78,"Clearing Firm code not found."
79,"Operations are prohibited by the Clearing Administrator."
200,"Collateral calculation parameters are being changed by the Trading Administrator."
201,"Collateral calculation parameters are being changed by the Trading Administrator."
202,"Collateral calculation parameters are being changed by the Trading Administrator."
203,"Collateral calculation parameters are being changed by the Trading Administrator."
204,"Collateral calculation parameters are being changed by the Trading Administrator."
205,"Collateral calculation parameters are being changed by the Trading Administrator."
206,"Collateral calculation parameters are being changed by the Trading Administrator."
207,"Collateral calculation parameters are being changed by the Trading Administrator."
208,"Collateral calculation parameters are being changed by the Trading Administrator."
209,"Collateral calculation parameters are being changed by the Trading Administrator."
210,"Collateral calculation parameters are being changed by the Trading Administrator."
211,"Collateral calculation parameters are being changed by the Trading Administrator."
212,"Collateral calculation parameters are being changed by the Trading Administrator."
213,"Collateral calculation parameters are being changed by the Trading Administrator."
214,"Collateral calculation parameters are being changed by the Trading Administrator."
215,"CoreDispatcher ждёт выхода в online по LLM и не готов к переходу в Stop."
216,"Collateral calculation parameters are being changed by the Trading Administrator."
217,"Collateral calculation parameters are being changed by the Trading Administrator."
218,"Collateral calculation parameters are being changed by the Trading Administrator."
219,"Collateral calculation parameters are being changed by the Trading Administrator."
220,"Collateral calculation parameters are being changed by the Trading Administrator."
221,"Collateral calculation parameters are being changed by the Trading Administrator."
222,"Collateral calculation parameters are being changed by the Trading Administrator."
223,"Collateral calculation parameters are being changed by the Trading Administrator."
224,"Collateral calculation parameters are being changed by the Trading Administrator."
225,"Collateral calculation parameters are being changed by the Trading Administrator."
226,"Collateral calculation parameters are being changed by the Trading Administrator."
227,"Collateral calculation parameters are being changed by the Trading Administrator."
228,"Collateral calculation parameters are being changed by the Trading Administrator."
229,"Collateral calculation parameters are being changed by the Trading Administrator."
230,"Code value not found."
231,"Bad 'num' sequence for code."
232,"There are no any futures data for code."
233,"There are no any key point for code."
234,"'minstep' parameter is 0 for code."
235,"'code' and 'num' values not found."
236,"No calculation result."
237,"fortsFutRisks library is not inited."
238,"settlement_price_last_clearing param is null for code."
239,"No spot for code"
240,"Market data params is incorrect for code."
241,"Last clearing curve is empty for underlying's code."
242,"The value cannot be placed in Numeric(16.5)."
243,"Price value of non percentage futures less than minstep."
244,"Divide by zero exception."
245,"Initial margin requirement not recalculated for all BFs."
246,"Collateral calculation parameters are being changed by the Trading Administrator."
247,"Collateral calculation parameters are being changed by the Trading Administrator."
248,"Collateral calculation parameters are being changed by the Trading Administrator."
249,"Collateral calculation parameters are being changed by the Trading Administrator."
250,"Collateral calculation parameters are being changed by the Trading Administrator."
300,"Prohibition of all trading operations due to revocation/suspension of the dealer license of this Clearing Firm."
301,"Prohibition of opening positions due to revocation/suspension of the dealer license of this Clearing Firm."
302,"Prohibition of all trading operations due to revocation/suspension of the brokerage license of this Clearing Firm."
303,"Prohibition of opening positions due to revocation/suspension of the brokerage license of this Clearing Firm."
304,"Prohibition of all trading operations due to revocation/suspension of the license of exchange intermediary for this Clearing Firm."
305,"Prohibition of opening positions due to revocation/suspension of the license of exchange intermediary for this Clearing Firm."
306,"Prohibition of all trading operations due to revocation/suspension of the asset management license of this Clearing Firm."
307,"Prohibition of opening positions due to revocation/suspension of the asset management license of this Clearing Firm."
310,"Unable to add order: prohibited by Clearing Administrator."
311,"Unable to open position: prohibited by Clearing Administrator."
312,"Unable to open short position: prohibited by Clearing Administrator."
314,"Unable to add orders in the client account: prohibited by the Trader."
315,"Unable to open position in the client account: prohibited by the Trader."
316,"Unable to open short position in the client account: prohibited by the Trader."
317,"Amount of buy/sell orders exceeds the limit allowed."
318,"Unable to add order for the client account: client does not have a deposit account for settlement of Money Market securities. Prohibited by Clearing Administrator."
320,"Amount of active orders exceeds the limit allowed for the client account for this security."
331,"Insufficient funds in the Settlement Account."
332,"Insufficient client funds."
333,"Insufficient Brokerage Firm funds."
334,"Insufficient Clearing Firm funds."
335,"Unable to buy: amount of securities exceeds the limit set for the client."
336,"Unable to buy: amount of securities exceeds the limit set for the Brokerage Firm."
337,"Unable to sell: amount of securities exceeds the limit set for the client."
338,"Unable to sell: amount of securities exceeds the limit set for the Brokerage Firm."
339,"Collateral recalculation in progress."
380,"Trading restricted while intraday clearing is in progress."
381,"Trading restricted while intraday clearing is in progress: cannot delete orders."
382,"Trading restricted while intraday clearing is in progress: cannot move orders."
383,"Non-trading operations restricted while intraday clearing is in progress."
400,"Incorrect request."
401,"Not authorized."
403,"Restricted. Client is not permitted to execute request."
404,"Not Found."
405,"Method is not supported."
407,"Proxy server authentication required."
409,"Conflict detected."
415,"Data type is not supported."
422,"Incorrect document body."
500,"Internal server error."
501,"Request is not implemented."
600,"Incorrect date of request."
601,"Outcoming number uniqueness violation."
602,"Unsupported request type."
603,"Incorrect UNICODE."
680,"Insufficient client funds."
681,"Insufficient Clearing Firm funds."
682,"Insufficient funds to increase position."
2000,"Unable to create SMA login: SMA login must be either of client login, or of Brokerage Firm login."
2001,"Unable to create SMA login: SMA logins must belong to trading participants."
2002,"Unable to add orders using this SMA login: the MASTER login does not belong to trading participants."
3000,"Modification and cancellation of the quote is prohibited due to Speed bump."
3001,"Reserve error code. The text will be updated later."
3002,"Reserve error code. The text will be updated later."
3003,"Reserve error code. The text will be updated later."
3004,"Reserve error code. The text will be updated later."
3005,"Reserve error code. The text will be updated later."
3006,"Reserve error code. The text will be updated later."
3007,"Reserve error code. The text will be updated later."
3008,"Reserve error code. The text will be updated later."
3009,"Reserve error code. The text will be updated later."
3010,"Reserve error code. The text will be updated later."
3011,"Reserve error code. The text will be updated later."
3012,"Reserve error code. The text will be updated later."
3013,"Reserve error code. The text will be updated later."
3014,"Reserve error code. The text will be updated later."
3015,"Reserve error code. The text will be updated later."
3016,"Reserve error code. The text will be updated later."
3017,"Reserve error code. The text will be updated later."
3018,"Reserve error code. The text will be updated later."
3019,"Reserve error code. The text will be updated later."
3020,"Reserve error code. The text will be updated later."
3021,"Reserve error code. The text will be updated later."
3022,"Reserve error code. The text will be updated later."
3023,"Reserve error code. The text will be updated later."
3024,"Reserve error code. The text will be updated later."
3025,"Reserve error code. The text will be updated later."
3026,"Reserve error code. The text will be updated later."
3027,"Reserve error code. The text will be updated later."
3028,"Reserve error code. The text will be updated later."
3029,"Reserve error code. The text will be updated later."
3030,"Reserve error code. The text will be updated later."
3031,"Reserve error code. The text will be updated later."
3032,"Reserve error code. The text will be updated later."
3033,"Reserve error code. The text will be updated later."
3034,"Reserve error code. The text will be updated later."
3035,"Reserve error code. The text will be updated later."
3036,"Reserve error code. The text will be updated later."
3037,"Reserve error code. The text will be updated later."
3038,"Reserve error code. The text will be updated later."
3039,"Reserve error code. The text will be updated later."
3040,"Reserve error code. The text will be updated later."
3041,"Reserve error code. The text will be updated later."
3042,"Reserve error code. The text will be updated later."
3043,"Reserve error code. The text will be updated later."
3044,"Reserve error code. The text will be updated later."
3045,"Reserve error code. The text will be updated later."
3046,"Reserve error code. The text will be updated later."
3047,"Reserve error code. The text will be updated later."
3048,"Reserve error code. The text will be updated later."
3049,"Reserve error code. The text will be updated later."
3050,"Reserve error code. The text will be updated later."
3051,"Reserve error code. The text will be updated later."
3052,"Reserve error code. The text will be updated later."
3053,"Reserve error code. The text will be updated later."
3054,"Reserve error code. The text will be updated later."
3055,"Reserve error code. The text will be updated later."
3056,"Reserve error code. The text will be updated later."
3057,"Reserve error code. The text will be updated later."
3058,"Reserve error code. The text will be updated later."
3059,"Reserve error code. The text will be updated later."
3060,"Reserve error code. The text will be updated later."
3061,"Reserve error code. The text will be updated later."
3062,"Reserve error code. The text will be updated later."
3063,"Reserve error code. The text will be updated later."
3064,"Reserve error code. The text will be updated later."
3065,"Reserve error code. The text will be updated later."
3066,"Reserve error code. The text will be updated later."
3067,"Reserve error code. The text will be updated later."
3068,"Reserve error code. The text will be updated later."
3069,"Reserve error code. The text will be updated later."
3070,"Reserve error code. The text will be updated later."
3071,"Reserve error code. The text will be updated later."
3072,"Reserve error code. The text will be updated later."
3073,"Reserve error code. The text will be updated later."
3074,"Reserve error code. The text will be updated later."
3075,"Reserve error code. The text will be updated later."
3076,"Reserve error code. The text will be updated later."
3077,"Reserve error code. The text will be updated later."
3078,"Reserve error code. The text will be updated later."
3079,"Reserve error code. The text will be updated later."
3080,"Reserve error code. The text will be updated later."
3081,"Reserve error code. The text will be updated later."
3082,"Reserve error code. The text will be updated later."
3083,"Reserve error code. The text will be updated later."
3084,"Reserve error code. The text will be updated later."
3085,"Reserve error code. The text will be updated later."
3086,"Reserve error code. The text will be updated later."
3087,"Reserve error code. The text will be updated later."
3088,"Reserve error code. The text will be updated later."
3089,"Reserve error code. The text will be updated later."
3090,"Reserve error code. The text will be updated later."
3091,"Reserve error code. The text will be updated later."
3092,"Reserve error code. The text will be updated later."
3093,"Reserve error code. The text will be updated later."
3094,"Reserve error code. The text will be updated later."
3095,"Reserve error code. The text will be updated later."
3096,"Reserve error code. The text will be updated later."
3097,"Reserve error code. The text will be updated later."
3098,"Reserve error code. The text will be updated later."
3099,"Reserve error code. The text will be updated later."
3100,"Reserve error code. The text will be updated later."
4000,"Invalid input parameters."
4001,"Unable to perform operation: insufficient rights."
4002,"Unable to change trading limit for the client: no active trading sessions."
4004,"Unable to change trading limit for the client: client code not found."
4005,"Unable to change the trading limit for the client: insufficient funds."
4006,"Unable to set trading limit for the client: error performing operation."
4007,"Unable to set trading limit for the client: error performing operation."
4008,"Unable to set trading limit for the client: error performing operation."
4009,"Unable to set trading limit for the client: error performing operation."
4010,"Unable to set trading limit for the client: error performing operation."
4011,"Unable to set trading limit for the client: error performing operation."
4012,"Unable to set trading limit for the client: error performing operation."
4013,"Unable to set trading limit for the client: error performing operation."
4014,"Unable to change parameters: no active trading sessions."
4015,"Unable to change parameters: client code not found."
4016,"Unable to change parameters: underlying's code not found."
4017,"Unable to set trading limit for the client: amount too large."
4018,"Collateral calculation parameters are being changed by the Trading Administrator."
4019,"Initial margin: error setting contract parameters."
4020,"Transaction is already active."
4021,"Unable to set requested amount of pledged funds for Clearing Firm: insufficient amount of free funds."
4022,"Unable to set requested amount of funds for Clearing Firm: insufficient amount of free funds."
4023,"Unable to change trading limit for the Brokerage Firm: no active trading sessions."
4024,"Unable to change trading limit for the Brokerage Firm: the Brokerage Firm is not registered for trading."
4025,"Unable to set requested amount of pledged funds for the Brokerage Firm: insufficient amount of free funds in the Clearing Firm."
4026,"Unable to set requested amount of funds for the Brokerage Firm: insufficient amount of free funds in the balance of the Separate Account."
4027,"Unable to set requested amount of pledged funds for the Clearing Firm: insufficient amount of pledged funds in the balance of the Separate Account."
4028,"Unable to set requested amount of funds for the Brokerage Firm: insufficient amount of free funds in the Clearing Firm."
4030,"Unable to change parameters for the Brokerage Firm: no active sessions."
4031,"Unable to change parameters for the Brokerage Firm: Brokerage Firm code not found."
4032,"Unable to change parameters for the Brokerage Firm: underlying's code not found."
4033,"Unable to change parameters for the Brokerage Firm: insufficient rights to trade this underlying."
4034,"Transfer of pledged funds from the Separate Account is prohibited."
4035,"Transfer of collateral is prohibited."
4040,"Unable to change Brokerage Firm limit on risk-netting: no active sessions."
4041,"Unable to change Brokerage Firm limit on risk-netting: Brokerage Firm is not registered for trading."
4042,"Unable to change Brokerage Firm limit on risk-netting: Brokerage Firm code not found."
4043,"Unable to change Brokerage Firm limit on risk-netting: error performing operation."
4044,"Unable to change Brokerage Firm limit on risk-netting: error performing operation."
4045,"Unable to delete Brokerage Firm limit on risk-netting: error performing operation."
4046,"Unable to remove Chief Trader's restriction on trading in risk-netting instruments: insufficient rights."
4050,"Unable to process the exercise request: restricted by the Chief Trader."
4051,"Unable to process the exercise request: restricted by the Brokerage Firm."
4052,"Unable to process the exercise request: wrong client code and/or security."
4053,"Unable to process the exercise request: cannot delete orders during the intraday clearing session."
4054,"Unable to process the exercise request: cannot change orders during the intraday clearing session."
4055,"Unable to process the exercise request: order number not found."
4060,"Unable to process the exercise request: insufficient rights."
4061,"Unable to process the exercise request: deadline for submitting requests has passed."
4062,"Unable to process the exercise request: client code not found."
4063,"Unable to process the exercise request: request not found."
4064,"Unable to process the exercise request: insufficient rights."
4065,"Unable to process the exercise request: option contract not found."
4066,"Unable to process the exercise request: request to disable automatic exercise may only be submitted on the option's expiration date."
4067,"Unable to process the exercise request: error performing operation."
4068,"Unable to process the exercise request: error performing operation."
4069,"Unable to process the exercise request: error performing operation."
4070,"Unable to process the exercise request: insufficient amount of positions in the client account."
4090,"No active sessions."
4091,"Client code not found."
4092,"Underlying's code not found."
4093,"Futures contract not found."
4094,"Futures contract does not match the selected underlying."
4095,"Partial selection of futures contracts not accepted: underlying flag set 'For all'."
4096,"Unable to remove restriction: no restriction set."
4097,"Unable to remove: the Chief Trader's restriction cannot be removed by Brokerage Firm trader."
4098,"Security not found in the current trading session."
4099,"Both securities must have the same underlying."
4100,"Exercise date of the near leg of a multi-leg order must not be later than that of the far leg."
4101,"Unable to make a multi-leg order: lots are different."
4102,"No position to move."
4103,"The FOK order has not been fully matched."
4104,"Anonymous repo order must contain a repo type."
4105,"Order containing a repo type is restricted in this multi-leg order."
4106,"Multi-leg orders can be added only on the Money Market."
4107,"This procedure is not eligible for adding orders for multi-leg securities."
4108,"Unable to trade risk-netting instruments in T0: insufficient rights."
4109,"Rate/swap price is not a multiple of the tick size."
4110,"The near leg price differs from the settlement price."
4111,"The rate/swap price exceeds the limit allowed."
4112,"Unable to set restrictions for multi-leg futures."
4115,"Unable to transfer funds between Brokerage Firm accounts: no active sessions."
4116,"Unable to transfer funds between Brokerage Firm accounts: the donor Brokerage Firm is not registered for trading."
4117,"Unable to transfer funds between Brokerage Firms: the receiving Brokerage Firm is not registered for trading."
4118,"Brokerage Firm does not have sufficient amount of free funds."
4119,"Brokerage Firm does not have sufficient amount of collateral."
4120,"Insufficient amount of free funds in the balance of the Separate Account."
4121,"Insufficient amount of collateral in the balance of the Separate Account."
4122,"Clearing Firm does not have sufficient amount of free funds."
4123,"Brokerage Firm does not have sufficient amount of collateral."
4124,"Brokerage Firm code not found."
4125,"Unable to transfer funds between accounts of different Clearing Firms."
4126,"Unable to transfer: error while transferring."
4127,"Insufficient free funds in the Settlement Account."
4128,"Brokerage firm does not have sufficient amount of free funds."
4129,"Insufficient amount of free funds in the balance of the Separate Account."
4130,"Clearing Firm does not have sufficient amount of free funds."
4131,"Brokerage Firm code not found."
4132,"Unable to withdraw: error in withdrawal logic."
4133,"No requests to cancel."
4134,"Brokerage Firm does not have sufficient amount of funds."
4135,"Clearing firm does not have sufficient amount of funds."
4136,"Prohibited to transfer pledged funds."
4137,"Brokerage Firm does not have sufficient amount of pledged funds."
4138,"Insufficient funds to withdraw from the Settlement Account."
4139,"Insufficient free collateral in the Settlement Account."
4140,"Unable to transfer: position not found."
4141,"Unable to transfer: insufficient number of open positions."
4142,"Cannot transfer positions from the client account to an account with a different ITN."
4143,"Unable to transfer position: the Brokerage Firms specified belong to different Clearing Firms."
4144,"Cannot transfer positions to 'XXYY000' Brokerage Firm account."
4145,"Unable to transfer positions for the selected Brokerage Firm: restricted by the Trading Administrator."
4146,"Transferring positions in the selected securities is prohibited."
4147,"Option contract not found."
4148,"Settlement Account does not have sufficient amount of pledged funds."
4149,"Settlement Account does not have sufficient amount of funds."
4150,"Unable to balance risk using specified futures instrument."
4151,"Specified FX Market Firm code not found."
4152,"Specified FX Market Settlement Account not found."
4153,"Specified FX Market financial instrument not found."
4154,"Unable to add request for FX Market: the required parameters are not registered in the system."
4155,"Required Administrator login for adding a risk balancing request is not registered in the system."
4160,"Funds transfer between settlement accounts is prohibited. Settlement account is included in the Unified Collateral Pool."
4161,"Withdrawal is prohibited. Settlement account is included in the Unified Collateral Pool."
4162,"Unable to perform operation. The Brokerage Firms must be of the same Settlement account."
4163,"Unable to perform operation. To transfer funds for Brokerage Firm with virtual limit, you are required to apply to NCC."
4164,"Unable to perform operation. It is prohibited to change settings for client accounts."
4165,"Unable to perform operation. Only Clearing Firm logins are able to perform the operation."
4166,"Incorrect combination of flag values."
4167,"Settlement Account not found."
4168,"Unable to transfer assets between Brokerage Firms of different settlement accounts outside of the main trading session."
4169,"Cannot perform operation: the operation is available for Clearing Firm/Brokerage Firm login only."
4170,"Cannot perform operation: incorrect Brokerage Firm account."
4171,"Cannot perform operation: incorrect client account."
4172,"Cannot perform operation: insufficient rights for the Clearing Member."
4173,"Cannot perform operation: insufficient rights for the Trading Member."
4174,"GTD multileg order is canceled by trading system."
4175,"The Clearing Member has the option to take into funds only on the Settlement Account."
4200,"Cannot confirm request. Trading participant's MASTER login is not connected."
4201,"Cannot confirm request. Price value in request exceeded the current price value."
4202,"Cannot confirm request. Maximum number of contracts exceeded in request."
4203,"Cannot confirm request. Negotiated mode is not allowed."
4204,"Cannot confirm request. Maximum volume in Russian Ruble exceeded in request."
4205,"Cannot confirm request. Amount in Russian Ruble exceeded total available amount in requests per trading day."
4206,"Cannot confirm request. Number of buy orders exceeded maximum available number in position."
4207,"Cannot confirm request. Number of sell orders exceeded maximum available number in position."
4208,"Cannot confirm request. Total quantity of simultaneous restrictions on position size for different clearing register exceeded for given SMA login."
4209,"Cannot confirm request."
4210,"Cannot confirm request."
4211,"Cannot confirm request."
4212,"Cannot confirm request."
4213,"Cannot confirm request."
4214,"Cannot confirm request."
4215,"Cannot confirm request."
4216,"Cannot confirm request."
4217,"Cannot confirm request."
4218,"Cannot confirm request."
4219,"Cannot confirm request."
4220,"Trading operations for user are prohibited."
4221,"Unable to perform operation: Clearing Member and Trading Member represent the same entity."
4222,"Unable to perform operation with orders: insufficient rights for Clearing Member."
4223,"Unable to send request to NCC: insufficient rights for Trading Member."
4224,"Unable to perform operation: insufficient rights for active MASTER logins."
4225,"Clearing member is under liquidation netting process, all operations are prohibited."
4226,"Reserve error code. The text will be updated later."
4227,"Reserve error code. The text will be updated later."
4228,"Reserve error code. The text will be updated later."
4229,"Reserve error code. The text will be updated later."
4230,"Orders will not be cancelled: collateral requirements are met for the Brokerage Firm."
4231,"Reserve error code. The text will be updated later."
4232,"Reserve error code. The text will be updated later."
4233,"Reserve error code. The text will be updated later."
4234,"Reserve error code. The text will be updated later."
4235,"Reserve error code. The text will be updated later."
4236,"Reserve error code. The text will be updated later."
4237,"Reserve error code. The text will be updated later."
4238,"Reserve error code. The text will be updated later."
4239,"Reserve error code. The text will be updated later."
4240,"Reserve error code. The text will be updated later."
4250,"Incorrect instrument chain for synthetic matching configuration."
4251,"Login specified for NCC synthetic orders not found in 'User' table."
4252,"Reserve error code. The text will be updated later."
4253,"Reserve error code. The text will be updated later."
4254,"Reserve error code. The text will be updated later."
4255,"Reserve error code. The text will be updated later."
4256,"Reserve error code. The text will be updated later."
4257,"Reserve error code. The text will be updated later."
4258,"Negotiated iceberg orders are prohibited."
4259,"Change of only a single iceberg order is possible."
4260,"The iceberg visible part size is less than the minimum acceptable value."
4261,"The iceberg visible part size is more than the iceberg order volume."
4262,"The random addition size is more than the maximum acceptable value."
4263,"Reserve error code. The text will be updated later."
4264,"The random addition size is less than zero."
4265,"An incorrect parameters combination for the operator input mode for Settlement Account."
4266,"Trading system administrator lock mode is set for Settlement Account."
4267,"Underlying asset code is out of range."
4268,"Iceberg order can be changed only at the price."
4269,"Expiration order date cannot be indicated in the negotiated order."
9999,"Too many transactions sent from this login."
10000,"System level error while processing message."
10001,"Undefined message type."
10004,"Invalid message type."
10005,"MQ address is too large."
10006,"Error parsing message."
11123,"Deal accepted"
11124,"Deal accepted & matched"
11125,"Deal accepted (unvalidated)"
11129,"Invalid security id"
11130,"Negotiated deals not accepted for indices"
11131,"Security is not trading yet"
11132,"Security is in break period"
11133,"Security is not currently trading"
11134,"Trading in security is finished"
11135,"Security is not trading today"
11136,"Security is suspended"
11138,"Instrument is suspended"
11139,"Board is suspended"
11140,"Invalid buy or sell indicator"
11141,"Invalid counterparty firm"
11143,"Invalid price"
11144,"Invalid quantity"
11145,"Invalid trading account"
11146,"Trading account is suspended"
11147,"Trading account's depository account is suspended"
11149,"Account has insufficient balance to sell"
11155,"Invalid deal number"
11156,"Deal is currently unmatched"
11157,"Deal is already validated"
11158,"Deal is currently in an unknown state"
11159,"Invalid order method for this security and board"
11160,"Buy order accepted"
11161,"Sell order accepted"
11162,"Buy order accepted"
11163,"Sell order accepted"
11164,"Order quantity is incorrect"
11165,"Buy order accepted (open period)"
11166,"Sell order accepted (open period)"
11167,"Minimum price step is set"
11168,"Lot size is set"
11169,"Buy order accepted (unvalidated)"
11170,"Sell order accepted (unvalidated)"
11171,"Invalid market order value"
11172,"Orders not accepted for indices"
11173,"Invalid order type"
11174,"Invalid price split flag"
11175,"Invalid fill flag"
11176,"A market order must allow price splits"
11177,"Market orders not accepted during security's open period"
11178,"Single price orders not accepted during security's open period"
11179,"Immediate orders not accepted during security's open period"
11180,"Price may not be 0 for a limit order"
11181,"Immediate option not allowed for a market order that will stay in order book"
11182,"Price is out of range"
11187,"Unable to match order"
11193,"Invalid order number"
11194,"You may not specify an order number and a user"
11197,"You do not have access to this function"
11198,"Trading System unavailable"
11199,"Trading System is suspended"
11201,"Unable to service request"
11202,"You do not have access to the Trading System"
11210,"Order withdrawn"
11211,"Deal withdrawn"
11213,"Invalid price operator"
11218,"Invalid firm code"
11219,"No orders withdrawn, rejection(s)"
11222,"No negotiated deals to withdraw"
11230,"Order value is incorrect"
11231,"Only main board orders may be entered during primary auction"
11234,"Order may not have immediate flag in primary auction"
11235,"Only issuer agent may enter primary auction sell order"
11239,"Sell order may not be a single price order in primary auction"
11240,"Sell order should have zero quantity in primary auction"
11241,"Auction bidding period is finished for security"
11242,"Price must be 0 for market orders in primary auction"
11243,"Market orders percentage limit will be breached"
11244,"Firm cash limit will be breached for this instrument"
11245,"Firm total cash limit will be breached"
11246,"Buy order accepted"
11247,"Sell order accepted"
11252,"Security is in primary distribution"
11263,"Trading account limit will be exceeded"
11271,"Negotiated deals are not allowed during this period"
11361,"Invalid order method for firm"
11363,"Only negotiated deal orders are accepted for this trading account"
11364,"Buy orders are not accepted for this trading account"
11365,"Sell orders are not accepted for this trading account"
11368,"Unable to match Force Partial Withdraw Order"
11376,"Orders canceled successfully"
11407,"Invalid order method for trdacc"
11408,"Fill Withdraw option not allowed for a market order"
11409,"No weighted average price exists"
11413,"Firm and Counterparty must be the same for deals on this board"
11414,"Price is outside of allowed range"
11415,"One side of the deal must have a client account"
11416,"One side of the deal must have a members own account"
11419,"No bid or offer price exists for the source security and board"
11424,"No Second Part Price exists for REPO"
11425,"No Rate Of Interest exists for REPO"
11429,"REPO Upper limit breached"
11438,"REPO rate out of range"
11439,"REPO second part period is not closed"
11443,"Yield is outside of allowed range"
11445,"Cross trades not allowed for this instrument"
11446,"Firm cash limit for the Second Part of REPO will be breached"
11447,"Total cash limit for REPO operations will be breached"
11448,"Invalid settle code specified"
11449,"Invalid number of trades"
11450,"Invalid trade number"
11451,"You can not validate this trade"
11452,"These trades can not be validated"
11453,"Trade is already validated"
11454,"There is a report for buy trade"
11456,"Report  accepted"
11457,"Report  accepted & matched"
11458,"Invalid report number specified"
11459,"Report withdrawn"
11460,"No reports to withdraw"
11461,"There already exists a buy quote for specified security and settlement code"
11462,"There already exists a sell quote for specified security and settlement code"
11463,"Quote withdrawn"
11464,"No quotes to withdraw"
11465,"Reports are not allowed during this period"
11486,"Order value is incorrect"
11497,"Invalid character in brokerref"
11498,"Invalid character in matchref"
11499,"Invalid character in extref"
11507,"Order quantity doesn't match security's granularity ( lots)"
11508,"Account has insufficient convsecurity balance to sell"
11509,"Immediate WAPrice orders not accepted during security's open period"
11510,"Immediate WAPrice orders not accepted during  primary auction"
11511,"Immediate WAPrice orders could not be queued"
11512,"Buy order accepted"
11513,"Sell order accepted"
11515,"Refund rate is not allowed for the settle code specified"
11516,"Incomplete repo order"
11517,"Invalid refund rate"
11518,"Invalid REPO rate"
11519,"Invalid price2"
11520,"Negative or zero price2 resulted"
11521,"Can't send report to trade  due to invalid price"
11522,"Invalid combination of market, board, instrument and security"
11523,"REPO rate must not exceed"
11533,"Invalid client code"
11536,"Order must be a limit order"
11537,"Order may not be a single price order"
11538,"Order should have zero quantity"
11539,"Buy order already entered"
11540,"Price must be 0 for market orders in auction"
11543,"Auction price can not be calculated"
11548,"Repo Rate is incorrect"
11549,"Repo Rate is incorrect"
11550,"Limit will be breached for position"
11554,"Invalid discount specified"
11555,"Invalid lower discount specified"
11556,"Invalid upper discount specified"
11557,"Invalid block collateral flag"
11558,"Invalid repo value specified"
11559,"Invalid price resulted"
11560,"Invalid quantity resulted"
11561,"Invalid REPO value resulted"
11562,"Invalid REPO repurchase value resulted"
11563,"Main board is not defined for the security"
11565,"Market price is not defined for the security"
11566,"Starting discount can not be less than lower discount limit"
11567,"Starting discount can not be greater than upper discount limit"
11568,"This report can not be cleanly accepted"
11573,"Invalid settlement code or REPO term specified"
11575,"Buy Order accepted. Balance withdrawn to avoid a cross trade"
11576,"Sell Order accepted. Balance withdrawn to avoid a cross trade"
11577,"This order causes a cross trade"
11578,"Total order value at single repo rate can not exceed limit."
11579,"For this instrument price is less than allowed"
11580,"For this instrument price is greater than allowed"
11581,"Starting discount is less than allowed"
11582,"Starting discount is greater than allowed"
11583,"Lower discount limit is incorrect"
11584,"Upper discount limit is incorrect"
11585,"Lower discount limit must not be specified"
11586,"Upper discount limit must not be specified"
11587,"Block collateral option must be set"
11588,"Repo Rate is greater than allowed"
11594,"REPO base condition is incorrect for this board"
11599,"Invalid price2 resulted"
11600,"Minimum rate step is incorrect"
11601,"Minimum discount step is incorrect"
11602,"REPO value for this instrument is incorrect"
11603,"REPO repurchase value for this instrument is incorrect"
11608,"Not allowed client code type for this trading account."
11609,"Not allowed client code type for this trading account."
11612,"Order value is larger than allowed"
11613,"Order value is less than allowed"
11615,"Invalid deal number"
11616,"Unable to accept deal - deal is not active"
11617,"Unable to accept deal"
11618,"Unable to accept deal. Invalid security specified"
11619,"Unable to accept deal. Invalid price specified"
11620,"Unable to accept deal. Invalid quantity specified"
11621,"Unable to accept deal. Invalid settlecode specified"
11622,"Unable to accept deal. Invalid refundrate specified"
11623,"Unable to accept deal. Invalid matchref specified"
11624,"Unable to accept deal. Invalid buy/sell specified"
11625,"Warning: this will breach REPO limit. If sure, set firm's limit check flag to 'N' for position and retry"
11626,"Invalid trading account for marketmaker order"
11627,"Marketmaker orders accepted only in normal trading period"
11628,"Invalid order type for marketmaker order"
11629,"Buy Order accepted. Balance withdrawn to avoid a trade between marketmakers"
11630,"Sell Order accepted. Balance withdrawn to avoid a trade between marketmakers"
11631,"This order causes a trade between marketmakers"
11632,"Is in breach of MGF"
11633,"Is in breach of MGF"
11635,"Discount limits can not be set"
11636,"Margin call does not need any counterpart's acceptance"
11647,"Total sell quantity of a security for a firm can not exceed of its issue size on this board"
11648,"Clearing session is in progress"
11649,"Trade is already canceled -"
11650,"There is a cancel report for buy trade"
11651,"There is a cancel report for sell trade"
11652,"Trade  can not be canceled"
11653,"Cancel report  accepted & matched"
11654,"Cancel report  accepted"
11655,"Unable to select boards"
11658,"Invalid client code specified for this security"
11660,"External trade registered:"
11661,"Invalid settle date specified"
11662,"External trades withdrawn"
11663,"Invalid external trade number"
11664,"Invalid large trade flag"
11665,"No external trades to withdraw"
11666,"This trade have to be large"
11667,"Invalid large flag specified"
11668,"Invalid clearing type specified"
11669,"Only one trade can be included in simple clearing report"
11670,"Simple clearing is not currently available"
11671,"Specified tradesuccessfully settled"
11672,"Invalid trade number specified: '"
11673,"Trade already settled"
11674,"Trade unvalidated"
11675,"Trade is not in simple clearing mode"
11676,"REPO first part trade is not validated yet for trade"
11677,"REPO first part trade is not settled yet for trade"
11678,"Simple clearing is not allowed for position"
11679,"Margin calls can not be included in simple clearing"
11680,"Trade value must be not less than  for simple clearing"
11694,"Simple clearing is not allowed for this security and board"
11695,"Simple clearing is not allowed for the same trading accounts"
11699,"Counter price is not defined"
11700,"Order must be entered with counter price flag"
11701,"Order price is incorrect"
11702,"Settlement date of the REPO second part trade is not a working day"
11703,"Invalid date specified"
11704,"Only BUY orders are allowed at this moment"
11705,"Only SELL orders are allowed at this moment"
11706,"You are not an underwriter. Only security underwriters are allowed to enter order at this moment"
11707,"Invalid transaction reference"
11718,"There is a confirm report for trade"
11719,"Trade  is not included into clearing"
11720,"Special report a not available now"
11721,"ClientCode is not allowed for this trading account"
11730,"The price of the buy order should be less then the best offer price for this type of order"
11731,"The price of the sell order should be greater then the best bid price for this type of order"
11732,"The quantity of lots is less than allowed"
11733,"The quantity of lots is greater than allowed"
11734,"Volume of the order is less than allowed"
11735,"Volume of the order is greater than allowed"
11736,"Signature validation error."
11737,"Used wrong signature or EXKEYUSAGEOID"
11740,"Clients without signature are not supported"
11741,"The trading account and the secutity belong to different depositories"
11742,"Only NegDeals addressed to everyone available in that trading period"
11743,"This settle code is unavailable"
11744,"The second part of REPO trade cannot be canceled."
11745,"The transfer cannot be canceled."
11746,"Specified tradesuccessfully canceled"
11747,"Unable to determine price move limit for this security"
11748,"The price for this security should be in range from  to"
11749,"Only one of RepoValue or Quantity can be specified"
11750,"REPO price is not defined"
11751,"Starting discount must not be specified."
11752,"Discount limits must not be specified."
11754,"You have got a deferred money debt. This debt should be settled by the end of this day or tomorrow during the settlement with the Central counterparty."
11755,"You have got deferred security debts. These debts should be settled by the end of this day or tomorrow during the settlement with the Central counterparty."
11756,"You have got a default on collaterals. All the defaults on collaterals must be settled by 15:00 today."
11757,"You have got an unsettled deferred money debt. The default settlement procedure will be enforced."
11758,"You have got an unsettled collaterals default. The default settlement procedure will be enforced."
11759,"You have got a deferred money claim. This claim will be satisfied by the Central counterparty either by the end of this day or tomorrow during the settlement with CC."
11760,"You have got deferred security claims. Claims will be satisfied by the Central counterparty either by the end of this day or tomorrow during the settlement with CC."
11761,"The firm's limit on liabilities to the Central counterparty has been exceeded."
11782,"Simple report can not be complex"
11783,"Client code is suspended"
11784,"Specified tradesuccessfully notified as payment pended"
11786,"Operations suspended by Firm Manager or Trading System Superviser"
11787,"User successfully suspended"
11788,"User successfully suspended. Orders withdrawn"
11789,"User successfully Unsuspended"
11790,"The total amount of deferred debts of the unconscionable clearing participants exceeds the limit set for the settlement with the Central counterparty. CC's own assets will not be used during the settlement."
11791,"There are no deferred debts for the settlement with the Central counterparty"
11792,"You have got deferred security claims on the board for the position  caused by the default on this position. Claims will be settled by the Central counterparty after the default settlement."
11793,"You have got a deferred money claim on the board for the position  caused by the default on this position. Claim will be settled by the Central counterparty after the default settlement."
11794,"The total amount of deferred debts of the unconscionable clearing participants does not exceed the limit set for the settlement with the Central counterparty. CC's own assets will be used during the settlement."
11795,"United limit breached"
11796,"Trading limit breached"
11797,"Limit for currency"
11802,"Cash position for currency will be breached"
11804,"Value must not be specified for position withdraw flag"
11805,"Value must be negative for specified position withdraw flag"
11807,"Bank Account is in default mode"
11808,"Bank Account is not in default mode"
11809,"Bank Account is in early settle mode"
11810,"Bank Account is in trading closed mode"
11812,"Limits will be breached for position"
11813,"Cannot cancel trade. Parent trade should be canceled"
11814,"Maximum order hidden quantity ratio is incorrect"
11815,"Minimum order visible quantity value is incorrect"
11816,"Hidden quantity can not be specified for market maker order"
11817,"Minimum order visible quantity is less than allowed"
11819,"Buy order accepted (closing auction)"
11820,"Sell order accepted (closing auction)"
11821,"Events in past time are not allowed"
11822,"Buy order accepted (dark pool)"
11823,"Sell order accepted (dark pool)"
11824,"Client code type must a legal entity"
11826,"Matchref must not be specified for this type of counter party"
11827,"Allowed only trades with the same bank account for this period"
11828,"Trading Account has not enougth permissions for that type of reports"
11829,"Either price or volume must be specified in the order"
11830,"Counterparty should be specified for orders by value"
11831,"Invalid price resulted"
11832,"Buy order  accepted (discrete auction)"
11833,"Sell order  accepted (discrete auction)"
11834,"Discrete auction has started for"
11835,"Discrete auction has finished for. Normal trading period will continue."
11836,"Discrete auction for has finished, but not all of the conditions required to determine auction price have been met. The new Discrete auction has started."
11837,"Discrete auction has finished for."
11839,"Either quantity or volume must be specified in the order"
11840,"Collateral position has been breached:"
11841,"Transfer accepted, matched"
11843,"Offering qty updated"
11844,"Delivery obligations on buy are not specified. Order rejected."
11845,"Delivery obligations on sell are not specified. Order rejected."
11846,"Delivery obligations exceeded on securities. Order rejected."
11847,"For specific trading account could not found CCP trading acount"
11848,"CCP trading acount is suspending"
11849,"Trading in securities not allowed for the trading account, tied to the securities account of a foreign nominee."
11850,"Sell Market orders specified by value are not allowed"
11851,"For Market orders on buy allowed specification by value only in current trade period."
11852,"Close Auction Price is not defined. Order rejected."
11853,"Only orders with Close Auction Price are available. Close Auction Price is ."
11854,"Activation time orders cannot have other type event activation"
11855,"Buy order  accepted (Activation at the closing auction)"
11856,"Sell order  accepted (Activation at the closing auction)"
11857,"For the odd lots board the order balance can not exceed the security's lot size on main board"
11858,"Unable to accept deal. Invalid baseprice specified"
11859,"Baseprice can not be specified for this sec"
11862,"Trading with TODAY settlement is over"
11863,"Limit order specified by value is not allowed"
11864,"Fill Withdraw option of order is not allowed for selected Tradind Period"
11865,"For this instrument BasePrice is less than allowed"
11866,"For this instrument BasePrice is greater than allowed"
11867,"For this instrument SWAP Price is less than allowed"
11868,"For this instrument SWAP Price is greater than allowed"
